data,label
GLWSKIKEVGKEAAKAAAKAAGKAALGAVSEAV,1
GLFDIIKKIAESI,1
GLLDIVKKVVGAFGSL,1
GLFDIVKKVVGALGSL,1
GLFDIVKKVVGTLAGL,1
GLFDIAKKVIGVIGSL,1
GLFDIVKKIAGHIAGSI,1
GLFDIVKKIAGHIVSSI,1
AACARFIDDFCDTLTPNIYRPRDNGQRCYAVNGHRCDFTVFNTNNGGNPIRASTPNCKTVLRTAANRCPTGGRGKINPNAPFLFAIDPNDGDCSTNF,1
HGVSGHGQHGVHG,1
FKCRRWQWRMKKLGAPSITCVRRAF,1
KWKLFKKIKFLHSAKKF,1
KSSAYSLQMGATAIKQVKKLFKKWGW,1
GIGTKILGGVKTALKGALKELASTYAN,1
GIGGKILSGLKTALKGAAKELASTYLH,1
GIGGVLLSAGKAALKGLAKVLAEKYAN,1
SIGAKILGGVKTFFKGALKELASTYLQ,1
FLPLLAGLAANFLPTIICKISYKC,1
FVQWFSKFLGRIL,1
KWKLFKKIEKVGQNIRDGIIKAGPAVAVVGQATQIAK,1
SQLGDLGSGAGQGGGGGGSIRAAGGAFGKLEAAREEEFFYKKQKEQLERLKNDQIHQAEFHHQQIKEHEEAIQRHKDFLNNLHK,1
GIGKFLHSAKKFGKAFVGEIMNS,1
GIGAVLKVLTTGLPALISWIKRKRQQ,1
ACYCRIPACIAGERRYGTCIYQGRLWAFCC,1
ECRRLCYKQRCVTYCRGR,1
LKLKSIVSWAKKVL,1
KWCFRVCYRGICYRRCR,1
KSCCRNTWARNCYNVCRLPGTISREICAKKCDCKIISGTTCPSDYPK,1
GLLSVLGSVAKHVLPHVVPVIAEHL,1
GLFKVLGSVAKHLLPHVAPVIAEK,1
GLFVGLAKVAAHNNPAIAEHFQA,1
GFVDFLKKVAGTIANVVT,1
GLLQTIKEKLESLESLAKGIVSGIQA,1
TRSSRAGLQFPVGRVHRLLRK,1
FFGWLIKGAIHAGKAIHGLIHRRRH,1
GLFDVIKKVASVIGGL,1
GLFDIIKKVASVVGGL,1
GRFKRFRKKFKKLFKKLSPVIPLLHLG,1
GGLRSLGRKILRAWKKYGPIIVPIIRIG,1
RRRPRPPYLPRPRPPPFFPPRLPPRIPPGFPPRFPPRFP,1
GLLGPLLKIAAKVGSNLL,1
GLICESCRKIIQKLEDMVGPQPNEDTVTQAASQVCDKLKILRGLCKKIMRSFLRRISWDILTGKKPQAICVDIKICKEKTGLI,1
DHYNCVSSGGQCLYSACPIFTKIQGTCYRGKAKCCK,1
FFHHIFRGIVHVGKTIHRLVTG,1
KTCENLADTFRGPCFATSNC,1
IDWKKLLDAAKQIL,1
FLIGMTQGLICLITRKC,1
ILPILSLIGGLLGK,1
GLLGLLGSVVSHVVPAIVGHF,1
GLLGLLGSVVSHVLPAITQHL,1
GIKCRFCCGCCTPGICGVCCRF,1
QSHLSLCRWCCNCCRSNKGC,1
ILGPVISTIGGVLGGLLKNL,1
FLPILASLAAKFGPKLFCLVTKKC,1
GLWSKIKEAAKAAGKAALNAVTGLVNQGDQPS,1
LLGMIPLAISAISALSKL,1
GLPVCGETCVGGTCNTPGCSCSWPVCTRN,1
GVPICGETCTLGTCYTAGCSCSWPVCTRN,1
GIPCGESCVWIPCISSAIGCSCKSKVCYRN,1
GIPCAESCVWIPCTVTALIGCGCSNKVCYN,1
GTFPCGESCVFIPCLTSAIGCSCKSKVCYKN,1
GLLPCAESCVYIPCLTTVIGCSCKSKVCYKN,1
GRDYRTCLTIVQKLKKMVDKPTQRSVSNAATRVCRTGRSRWRDVCRNFMRRYQSRVTQGLVAGETAQQICEDLRLCIPSTGPL,1
GETDPNTQLLNDLGNNMAWGAALGAPGGLGSAALGAAGGALQTVGQGLIDHGPVNVFIPVLIGPSWNGSGSGYNSATSSSGSGS,1
GFKDLLKGAAKALVKTVLF,1
KSCCPNTTGRNIYNACRLTGAPRPTCAKLSGCKIISGSTCPSDYPK,1
KSCCPNTTGRNIYNTCRFGGGSREVCARISGCKIISASTCPSDYPK,1
KSCCPNTTGRNIYNTCRLTGSSRETCAKLSGCKIISASTCPSNYPK,1
MRKEFHNVLSSGQLLADKRPARDYNRK,1
KSCCKNTTGRNIYNTCRFAGGSRERCAKLSGCKIISASTCPSDYPK,1
FIFHIIKGLFHAGKMIHGLVTRRRH,1
FLPAIVGAAAKFLPKIFCAISKKC,1
FLPIIAGVAAKVLPKIFCAISKKC,1
FLPIIAGIAAKFLPKIFCTISKKC,1
FLPVIAGVAANFLPKLFCAISKKC,1
FLPIIAGAAAKVVQKIFCAISKKC,1
GLMDTIKGVAKTVAASWLDKLKCKITGC,1
VNWKKVLGKIIKVAK,1
FFSLLPSLIGGLVSAIK,1
RFRLPFRRPPIRIHPPPFYPPFRRFL,1
KWKLFKKIPKFLHLAKKF,1
YKQCHKKGGHCFPKEKICLPPSSDFGKMDCRWRWKCCKKGSG,1
GIPCGESCVFIPCITGAIGCSCKSKVCYRN,1
GEFLKCGESCVQGECYTPGCSCDWPICKKN,1
GLPTCGETCTLGTCYVPDCSCSWPICMKN,1
GLPVCGETCFGGTCNTPGCTCDPWPVCTRN,1
FVDLKKIANIINSIFGK,1
GSIPCGESCVFIPCISSVIGCACKSKVCYKN,1
GIPCGESCVFIPCISSVIGCSCSSKVCYRN,1
GSIPCGESCVFIPCISAVIGCSCSNKVCYKN,1
GIPCGESCVFIPCLTSAIDCSCKSKVCYRN,1
GMWSKILGHLIR,1
GKWMSLLKHILK,1
GFGMALKLLKKVL,1
GTGLPMSERRKIMLMMR,1
GIACGESCVFLGCFIPGCSCKSKVCYFN,1
GVIPCGESCVFIPCISSVLGCSCKNKVCYRD,1
KLCGETCFKFKCYTPGCSCSYPFCK,1
GDACGETCFTGICFTAGCSCNPWPTCTRN,1
GIPCAESCVWIPPCTITALMGCSCKNNVCYNN,1
IPCGESCVWIPCITAIAGCSCKNKVCYT,1
AIPCGESCVWIPCISTVIGCSCSNKVCYR,1
GEYCGESCYLIPCFTPGCYCVSRQCVNKN,1
IPCGESCVWIPCISGMFGCSCKDKVCYS,1
FLGWLFKWASK,1
FLKWLFKWAKK,1
KWKSFLKTFKSAKKTVLHTALKAISS,1
MPFLFCNVNDVCNFASRNDYSCNYYSNSYSFWLASLNPER,1
GACFSIAHECGA,1
TCCATGACGTTCCTGACGTT,1
KRFKQDGGASHASPASS,1
KRAKAAGGWSHWSPWSSC,1
FLGALFKVASKVLPSVKCAITKKC,1
GIGKFLKKAKKFGKAFVKILKK,1
GIGKFLKKAKKGIGAVLKVLTTGL,1
VECYGPNRPQF,1
KRFKQDGGWSHWSPWSSC,1
RQVFQVAYIIIKA,1
KAFDITYVRLKF,1
DFKLFAVTIKYR,1
DFKLFAVYIKYR,1
WHSDMEWWYLLG,1
HTMYYHHYQHHL,1
RLVSYNGIIFFLK,1
GRENYHGCTTHWGFTLC,1
ASSSYPLIHWRPWAR,1
FLPLLLAGLPLKLCFLFKKC,1
AVDFSSCARMDVPGLSKVAQGLCISSCKFQNCGTGHCEKRGGRPTCVCDRCGRGGGEWPSVPMPKGRSSRGRRHS,1
FLGAIAAALPHVINAVTNAL,1
GEILCNLCTGLINTLENLLTTKGADKVKDYISSLCNKASGFIATLCTKVLDFGIDKLIQLIEDKVDANAICAKIHAC,1
ELCEKASQTWSGTCGKTKHCDDQCKSWEGAAHGACHVRDGKHMCFCYFNC,1
ASIVKTTIKASKKLCRGFTLTCGCHFTGKK,1
GCSRWIIGIHGQICRD,1
FASLLGKALKALAKQ,1
CLAGRLDKQCTCRRSQPSRRSGHEVGRPSPHCGPSRQCGCHMD,1
GFGCPFNQYECHAHCSGVPGYKGGYCKGLFKQTCNCY,1
CKQSCSFGPFTFVCDGNTK,1
ATCDLASGFGVGSSLCAAHCIARRYRGGYCNSKAVCVCRN,1
GFGCPGNQLKCNNHCKSISCRAGYCDAATLWLRCTCTDCNGKK,1
GDVNWVDVGKTVATNGAGVIGGAFGAGLCGPVCAGAFAVGSSAAVAALYDAAGNSNSAKQKPEGLPPEAWNYAEGRMCNWSPNNLSDVCL,1
FLPLLASLFSGLF,1
GFLDTFKNLALNAAKSAGVSVLNSLSCKLFKTC,1
FLSLIPHIVSGVASIAKHF,1
AEVAPAPAAAAPAKAPKKKAAAKPKKAGPS,1
FLSLALAALPKFLCLVFKKC,1
GFGKAFHSVSNFAKKHKTA,1
FLPLLAGLAANFFPKIFCKITRKC,1
DCLSGRYKGPCAVWDNETCRRVCKEEGRSSGHCSPSLKCWCEGC,1
DGNDGQAELIAIGSLAGTFISPGFGSIAGAYIGDKVHSWATTATVSPSMSPSGIGLSSQFGSGRGTSSASSSAGSGS,1
FLPKTLRKFFCRIRGGRCAVLNCLGKEEQIGRCSNSGRKCCRKKK,1
FLPKMSTKLRVPYRRGTKDYH,1
FLIGMTHGLICLISRKC,1
FFPIIAGMAAKLIPSLFCKITKKC,1
FLSLIPHAINAVGVHAKHF,1
AANFGPSVFTPEVHETWQKFLNVVVAALGKQYH,1
AQCGAQGGGATCPGGLCCSQWGWCGSTPKYCGAGCQSNCK,1
FVPYNPPRPYQSKPFPSFPGHGPFNPKIQWPYPLPNPGH,1
FLLFPLMCKIQGKC,1
DLRFWNPREKLPLPTLPPFNPKPIYIDMGNRY,1
DFGCGQGMIFMCQRRCMRLYPGSTGFCRGFRCMCDTHIPLRPPFMVG,1
ALWKNMLKGIGKLAGKAALGAVKKLVGAES,1
ACYCRIGACVSGERLTGACGLNGRIYRLCCR,1
FMPILSCSRFKRC,1
FLGGILNTITGLL,1
ASGRDIAMAIGTLSGQFVAGGIGAAAGGVAGGAIYDYASTHKPNPAMSPSGLGGTIKQKPEGIPSEAWNYAAGRLCNWSPNNLSDVCL,1
CGESCVWIPCISAAIGCSCKNKVCYRAIP,1
FLGALIKGAIHGGRFIHGMIQNHH,1
CSCRTSSCRFGERLSGACRLNGRIYRLCC,1
ALLGDFFRKSKEKIGKEFKRIVQRIKDFLRNLVPRTES,1
FLPLFASLIGKLL,1
CAWYNISCRLGNKGAYCTLTVECMPSCN,1
FLSLLPSIVSGAVSLAKKL,1
AVTCNTVVSSLAPCVPFFAGSAAQPTAACCNGVRSLNSAARTTPDRRTACNCIKSSASSIGLNYNKAAKLPSRCTVNVTVPISPSVNCAT,1
GADFQECMKEHSQKQHQHQG,1
AGFVLKGYTKTSQ,1
FIGPIISALASLFG,1
GAILCNLCKDTVKLVENLLTVDGAQAVRQYIDNLCGKASGFLGTLCEKILSFGVDELVKLIENHVDPVVVCEKIHAC,1
ATCDLLSGTGVKHSACAAHCLLRGNRGGYCNGRAICVCRN,1
FITLLLRKFICSITKKC,1
ELPKLPDDKVLIRSRSNCPKGKVWNGFDCKSPFAFS,1
GFKGAFKNVMFGIAKSAGKSALNALACKIDKSC,1
FLGALAKIISGIF,1
GFMDTAKNVAKNVAVTLIDNLKCKITKAC,1
DYDWSLRGPPKCATYGQKCRTWSPRNCCWNLRCKAFRCRPR,1
FMGSALRIAAKVLPAALCQIFKKC,1
FVLPLVMCKILRKC,1
FFRHLFRGAKAIFRGARQGWRAHKVVSRYRNRDVPETDNNQEEP,1
EGGGPQWAVGHFM,1
FLSIIAKVLGSLF,1
AKIPIKAIKTVGKAVGKGLRAINIASTANDVFNFLKPKKRKA,1
FLPLILRKIVTAL,1
ANTAFVSSAHNTQKIPAGAPFNRNLRAMLADLRQNAAFAG,1
ATTGCSCPQCIIFDPICASSYKNGRRGFSSGCHMRCYNRCHGTDYFQISKGSKCI,1
FKSWSFCTPGCAKTGSFNSYCC,1
EVERKHPLGGSRPGRCPTVPPGTFGHCACLCTGDASEPKGQKCCSN,1
FFRLLFHGVHHVGKIKPRA,1
ALWMTLLKKVLKAAAKALNAVLVGANA,1
DCLSGKYKGPCAVWDNEMCRRICKEEGHISGHCSPSLKCWCEGC,1
ASIIKTTIKVSKAVCKTLTCICTGSCSNCK,1
AFTCHCRRSCYSTEYSYGTCTVMGINHRFCCL,1
GCFEDWSRCSPSTSRGTGVLWRDCDSYCKVCFKADRGECFDSPSLNCPQRLPNNKQCRCINARTAKDNRNPTCWA,1
FLPILAGLAANILPKVFCSITKKC,1
FLPVLAGIAAKVVPALFCKITKKC,1
FMPIIGRLMSGSL,1
GFFSTVKNLATNVAGTVIDTLKCKVTGGCRS,1
FLSLIPHAINAVSTLVHHF,1
GFCRCLCRRGVCRCICTR,1
AKYTGKCTKSKNECKYKNDAGKDTFIKCPKFDNKKCTKDNNKCTVDTYNNAVDCD,1
FLGLLFHGVHHVGKWIHGLIHGHH,1
FLPLIAGLIGKLF,1
GFGCPLNQGACHNHCRSIGRRGGYCAGIIKQTCTCYRK,1
FFSASCVPGADKGQFPNLCRLCAGTGENKCA,1
DVQCGEGHFCHDQTCCRASQGGACCPYSQGVCCADQRHCCPVGF,1
FLSLIPHIVSGVAALAKHL,1
GFLSILKKVLPKVMAHMK,1
AGDPLADPNSQIVRQIMSNAAWGPPLVPERFRGMAVGAAGGVTQTVLQGAAAHMPVNVPIPKVPMGPSWNGSKG,1
AFPPPNVPGPRFPPPNFPGPRFPPPNFPGPRFPPPNFPGPRFPPPNFPGPPFPPPIFPGPWFPPPPPFRPPPFGPPRFP,1
FLPVIAGVAAKFLPKIFCAITKKC,1
GFGCPNDYPCHRHCKSIPGRAGGYCGGAHRLRCTCYR,1
FLPILASLAATLGPKLLCLITKKC,1
FLGGLIKIVPAMICAVTKKC,1
CTFTLPGGGGVCTLTSECIC,1
FILPLIASFLSKFL,1
EFRGSIVIQGTKEGKSRPSLDIDYKQRVYDKNGMTGDAYGGLNIRPGQPSRQHAGFEFGKEYKNGFIKGQSEVQRGPGGRLSPYFGINGGFRF,1
ENDHRMPNNLNRPNNLSKGGAKCGAAIAGGLFGIPKGPLAWAAGLANVYSKCN,1
ATCDLLSGIGVQHSACALHCVFRGNRGGYCTGKGICVCRN,1
DHYICAKKGGTCNFSPCPLFNRIEGTCYSGKAKCCIR,1
FLPMLAGLAASMVPKFVCLITKKC,1
DPVTYIRNGGICQYRCIGLRHKIGTCGSPFKCCK,1
CIANRNGCQPDGSQGNCCSGYCHKEPGWVAGYCR,1
FWGHIWNAVKRVGANALHGAVTGALS,1
FLPAIAGILSQLF,1
FLPPSPWKETFRTS,1
GFMDTAKNVAKNVAVTLLDKLKCKITGGC,1
FLPLVTMLLGKLF,1
AVLDILKDVGKGLLSHFMEKV,1
ATCDLFSFRSKWVTPNHAACAAHCLLRGNRGGRCKGTICHCRK,1
FLPLIGKILGTIL,1
EQCGRQAGGKLCPNNLCCSQYGWCGSSDDYCSPSKNCQSNCKGGG,1
AGECVQGRCPSGMCCSQFGYCGRGPKYCGR,1
ALWKTIIKGAGKMIGSLAKNLLGSQAQPES,1
FCTMIPIPRCY,1
FIGTALGIASAIPAIVKLFK,1
FLSLIPHAINAVSALANHG,1
GCWSTVLGGLKKFAKGGLEAIVNPK,1
GCASRCKAKCAGRRCKGWASASFRGRCYCKCFRC,1
DFASCHTNGGICLPNRCPGHMIQIGICFRPRVKCCRSW,1
DFKDWMKTAGEWLKKKGPGILKAAMAAAT,1
FFGSVLKVAAKVLPAALCQIFKKC,1
FLPILGNLLSGLL,1
ATCYCRTGRCATRESLSGVCEISGRLYRLCCR,1
ATYDGKCYKKDNICKYKAQSGKTAICKCYVKVCPRDGAKCEFDSYKGKCYC,1
ATCDLLSAFGVGHAACAAHCIGHGYRGGYCNSKAVCTCRR,1
DDTPSSRCGSGGWGPCLPIVDLLCIVHVTVGCSGGFGCCRIG,1
FSFKRLKGFAKKLWNSKLARKIRTKGLKYVKNFAKDMLSEGEEAPPAAEPPVEAPQ,1
ALFSILRGLKKLGNMGQAFVNCKIYKKC,1
FLPILGKLLSGIL,1
AQRCGDQARGAKCPNCLCCGKYGFCGSGDAYCGAGSCQSQCRGCR,1
AREASKSLIGTASCTCRRAWICRWGERHSGKCIDQKGSTYRLCCRR,1
GFGCPWNRYQCHSHCRSIGRLGGYCAGSLRLTCTCYRS,1
AGCIKNGGRCNASAGPPYCCSSYCFQIAGQSYGVCKNR,1
ATCDLLSGFGVGDSACAAHCIARRNRGGYCNAKKVCVCRN,1
DSHEERRQGRHGHHEYGRKFHEKHHSHRGY,1
GAFGNFLKGVAKKAGLKILSIAQCKLFGTC,1
ELCEKASKTWSGNCGNTGHCDNQCKSWEGAAHGACHVRNGKHMCFCYFNC,1
ALYKKFKKKLLKSLKRL,1
APPGARPPPGPPPPGPPPPGP,1
AKKVFKRLEKLFSKIQNDK,1
EKKPPRPPQWAVGHFM,1
AALKGCWTKSIPPKPCFGKR,1
DDMTMKPTPPPQYPLNLQGGGGGGSGDGFGFAVQGHQKVWTSDNGRHEIGLNGGYGQHLGGPYGNSEPSWKVGSTYTYRFPNF,1
FLSHIAGFLSNLF,1
FLPLIAGLAANFLPKIFCAITKKC,1
ATCDLLSGTGINHSACAAHCLLRGNRGGYCNGKAVCVCRN,1
FLGSIVGALASALPSLISKIRN,1
GFGSLFKFLAKKVAKTVAKQAAKQGAKYIANKQTE,1
AVRIGPCDQVCPRIVPERHECCRAHGRSGYAYCSGGGMYCN,1
FLPGLIAGIAKML,1
DVKGMKKAIKGILDCVIEKGYDKLAAKLKKVIQQLWE,1
ATAVDFGPHGLLPIRPIRIRPLCGKDKS,1
FISAIASFLGKFL,1
CSTNTFSLSDYWGNNGAWCTLTHECMAWCK,1
CIKNGNGCQPNGSQNGCCSGYCHKQPGWVAGYCRRK,1
AQEPVKGPVSTKPGSCPIILIRCAMLNPPNRCLKDTDCPGIKKCCEGSCGMACFVPQ,1
APGNKAECEREKGYCGFLKCSFPFVVSGKCSRFFFCCKNIW,1
ALKAALLAILKIVRVIKK,1
ATPATPTVAQFVIQGSTICLVC,1
DAEFRHDSGYEVHHQKLVFFAEDVGSNKGAIIGLMVGGVVIA,1
FTPSVSFSQNGGVVEAAAQRGYIYKKYPKGAKVPNKVKMLVNIRGKQTMRTCYLMSWTASSRTAKYYYYI,1
FGLPMLSILPKALCILLKRKC,1
FLPLAVSLAANFLPKLFCKITKKC,1
AISYGNGVYCNKEKCWVNKAENKQAITGIVIGGWASSLAGMGH,1
DTVACRIQGNFCRAGACPPTFTISGQCHGGLLNCCAKIPAQ,1
ATCDLLSKWNWNHTACAGHCIAKGFKGGYCNDKAVCVCRN,1
FELDRICGYGTARCRKKCRSQEYRIGRCPNTYACCLRKWDESLLNRTKP,1
FLPIVGKLLSGLSGLL,1
FLPLLLAGLPKLLCLFFKKC,1
FFPIVAGVAGQVLKKIYCTISKKC,1
FLPVIAGLLSKLF,1
FFPLVLGALGSILPKIF,1
GAARKSIRLHRLYTWKATIYTR,1
EIRLPEPFRFPSPTVPKPIDIDPILPHPWSPRQTYPIIARRS,1
FLPAIFRMAAKVVPTIICSITKKC,1
GFSPNLPGKGLRIS,1
ETESTPDYLKNIQQQLEEYTKNFNTQVQNAFDSDKIKSEVNNFIESLGKILNTEKKEAPK,1
ALWKDILKNAGKAALNEINQLVNQ,1
APAGLVAKFGRPIVKKYYKQIMQFIGEGSAINKIIPWIARMWRT,1
ERGSRGQRCGPGEVFNQCGSACPRVCGRPPAQACTLQCVSGCFCRRGYIRTQRGGCIPERQCHQR,1
FFPMLAGVAARVVPKVICLITKKC,1
FWGALAKGALKLIPSLFSSFSKKD,1
FLSLIPHAINAVSAIAKHF,1
FFGSVLKLIPKIL,1
FRGLAKLLKIGLKSFARVLKKVLPKAAKAGKALAKSMADENAIRQQNQ,1
FLPFLAKILTGVL,1
CLGIGSCNDFAGCGYAVVCFW,1
ATRVVYCNRRSGSVVGGDDTVYYEG,1
GFMKYIGPLIPHAVKAISDLI,1
FFPLALLCKVFKKC,1
AGANDLCQECEDIVHLLTKMTKEDAFQDTIRKFLEQECDILPLKLLVPRCRQVLDVYLPLVIDYFQGQIKPKAICSHVGLC,1
AKCIKNGKGCREDQGPPFCCSGFCYRQVGWARGYCKNR,1
GFFGKMKEYFKKFGASFKRRFANLKKRL,1
DSHEKRHHGYRRKFHEKHHSHREFPFYGDYGSNYLYDN,1
ATYYGNGLYCNKQKCWVDWNKASREIGKIIVNGWVQHGPWAPR,1
FLPFLASLLSKVL,1
FLPLVTGLLSGLL,1
FLPVVAGLAAKVLPSIICAVTKKC,1
DAPGHPGKHYLQVNVPSDVRTIGVAGGGVQQCFRVTPGAWNDTRALVSNGAQVEVWGYTVADCANRTTANQKYYDKAAAPSDSSTYFWFTLKNLRV,1
FKLGSFLKKAWKSKLAKKLRAKGKEMLKDYAKGLLEGGSEEVPGQ,1
ACYCRIPACFAGERRYGTCFYLGRVWAFCC,1
ATCDLLSGFGVGDSACAAHCIARGNRGGYCNSKKVCVCPI,1
FSKYERQKDKRPYSERKNQYTGPQFLYPPERIPPQKVIKWNEEGLPIYEIPGEGGHAEPAAA,1
FLPILAGLAAKIVPKLFCLATKKC,1
CRFCCRCCPRMRGCGLCCRF,1
ALPKKLKYLNLFNDGFNYMGVV,1
DKLIGSCVWGATNYTSDCNAECKRRGYKGGHCGSFWNVNCWCEE,1
ATCDLLSMWNVNHSACAAHCLLLGKSGGRCNDDAVCVCRK,1
FLPVILPVIGKLLSGIL,1
EKKCPGRCTLKCGKHERPTLPYNCGKYICCVPVKVK,1
FLPIASLLGKYL,1
FLSLALAALPKLFCLIFKKC,1
FLSGIVGMLGKLF,1
GFGCNGPWDEDDMQCHNHCKSIKGYKGGYCAKGGFVCKCY,1
ACDTATCVTHRLAGLLSRSGGVVKNNFVPTNVGSKAF,1
FFGTALKIAANILPTAICKILKKC,1
AACSDRAHGHICESFKSFCKDSGRNGVKLRANCKKTCGLC,1
EFTNVSCTTSKECWSVCQRLHNTSRGKCMNKKCRCYS,1
FLPFIAGMAAKFLPKIFCAISKKC,1
AAKPMGITCDLLSLWKVGHAACAAHCLVLGDVGGYCTKEGLCVCKE,1
DTHFPICIFCCGCCHRSKCGMCCKT,1
FFPNVASVPGQVLLKKIFCAISKKC,1
CGETCVGGTCNTPGCTCSWPVCTRNGLPV,1
ADRGWIKTLTKDCPNVISSICAGTIITACKNCA,1
CANSCSYGPLTWSCDGNTK,1
CGESCAMISFCFTEVIGCSCKNKVCYLNSIS,1
AIKLVQSPNGNFAASFVLDGTKWIFKSKYYDSSKGYWVGIYEVWDRK,1
FIGLLISAGKAIHDLIRRRH,1
AFKLLGRIIHHVGNFVYGFSHVF,1
ERILDLRKTKKSCKNGEVLGCVSGHGPPGCSENECGMGPRPKACFFDCHYGCWCTGKLYRRKRDRKCVPKHECLL,1
GFGCPLDQMQCHRHCQTITGRSGGYCSGPLKLTCTCYR,1
ATCKAECPTWDSVCINKKPCVACCKKAKFSDGHCSKILRRCLCTKEC,1
FLPIIASVAAKVFSKIFCAISKKC,1
GFGCPNNYQCHRHCKSIPGRCGGYCGGWHRLPCTCYRCG,1
FFPVIGRILNGIL,1
FLPIIAKVLSGLL,1
FLSAIASMLGKFL,1
ATRSYGNGVYCNNSKCWVNWGEAKENIAGIVISGWASGLAGMGH,1
FLFPLITSFLSKVL,1
CIAKGNGCQPSGVQGNCCSGHCHKEPGWVAGYCK,1
DHHHDHGHDDHEHEELTLEKIKEKIKDYADKTPVDQLTERVQAGRDYLLGKGARPSHLPARVDRHLSKLTAAEKQELADYLLTFLH,1
GAWKNFWSSLRKGFYDGEAGRAIRR,1
CGESCVFIPCITSVAGCSCKSKVCYRNGIP,1
CYSAAKYPGFQEFINRKYKSSRF,1
FLGGLMKAFPAIICAVTKKC,1
CGESCVFIPCISTLLGCSCKNKVCYRNGVIP,1
FLPIVTNLLSGLL,1
GALRGCWTKSYPPKPCK,1
